run_id,model,optimization,perturbation,severity,dice_mean,hd95_mean_mm,latency_per_volume_sec_mean,json_path
robust_20260510T175213308222Z_47a9af189fa6,segresnet,all,contrast_shift,1,0.0008295819017246434,289.8941742533124,8.432005807757378,outputs/benchmarks/robust_20260510T175213308222Z_47a9af189fa6.json
robust_20260510T175300815703Z_dce45b3ee6ce,segresnet,all,contrast_shift,2,0.0007924585785104327,287.5595529247877,8.361796207726002,outputs/benchmarks/robust_20260510T175300815703Z_dce45b3ee6ce.json
robust_20260510T175348410698Z_65d22d7f3f1e,segresnet,all,contrast_shift,3,0.0008492032799086644,276.92345791891296,8.139914272353053,outputs/benchmarks/robust_20260510T175348410698Z_65d22d7f3f1e.json
robust_20260510T174607486461Z_df2ee60559e9,segresnet,all,downsample_resample,1,0.0008079104635461441,290.73354363175537,14.627034673467278,outputs/benchmarks/robust_20260510T174607486461Z_df2ee60559e9.json
robust_20260510T174716808907Z_99155c71e8f8,segresnet,all,downsample_resample,2,0.0008047879161368809,290.6999922990799,8.820644142106175,outputs/benchmarks/robust_20260510T174716808907Z_99155c71e8f8.json
robust_20260510T174816585969Z_cbc33cd4779b,segresnet,all,downsample_resample,3,0.0007990524805658426,290.78544038795184,8.924625221639872,outputs/benchmarks/robust_20260510T174816585969Z_cbc33cd4779b.json
robust_20260510T174918295085Z_29694548805c,segresnet,all,intensity_shift,1,0.0003583490837865311,296.5129773371888,8.05888338200748,outputs/benchmarks/robust_20260510T174918295085Z_29694548805c.json
robust_20260510T175020093445Z_66c699cf79ad,segresnet,all,intensity_shift,2,0.0001738361894571538,307.7658457859842,7.9876307640224695,outputs/benchmarks/robust_20260510T175020093445Z_66c699cf79ad.json
robust_20260510T175122581040Z_2e06439744b5,segresnet,all,intensity_shift,3,0.0001320144313749812,313.0997689004663,7.976110901683569,outputs/benchmarks/robust_20260510T175122581040Z_2e06439744b5.json
